,site2,site3,site6,site8
42,0.2326732673267326,0.7627817482133039,0.6799583911234397,0.5742557219067286
43,0.5247524752475248,0.7518725948323255,0.7357836338418863,0.6907589055240062
44,0.4900990099009901,0.7729521715228147,0.532246879334258,0.6461022199277233
45,0.193069306930693,0.7753229796591534,0.710124826629681,0.6892961624505248
